Optimization Type,1 thread,2 threads,4 threads,6 threads,8 threads,16 threads,Max threads
No Optimization,1873.029665,15906.291255,24426.438972,22332.793742,22934.404869,21680.336668,20831.964023
Set Mem to Zero Before Timing,8147.185588,15926.017305,24990.271734,28048.276143,24250.279105,21757.422013,20791.360274
Non-Temporal Writes + Set Mem to Set Mem to Zero Before Timing,18753.983013,36113.136031,51770.810816,55364.781630,41067.180117,30657.112979,27848.666074